{"cameraMode":{"drawMode":0,"name":"Shaded","section":"Shading Mode"},"sceneLighting":true,"audioPlay":false,"sceneViewState":{"showFog":true,"showMaterialUpdate":false,"showSkybox":true,"showFlares":true,"showImageEffects":true,"showParticleSystems":true,"showVisualEffectGraphs":true,"m_FxEnabled":true},"in2DMode":false,"pivot":{"x":11.99489974975586,"y":6.813249588012695,"z":87.22879028320313},"rotation":{"x":-0.08121928572654724,"y":-0.005386007018387318,"z":0.00043837440898641944,"w":-0.9966968894004822},"size":94.52318572998047,"orthographic":false}